{"Version":1,"ManifestType":"Publish","Endpoints":[{"Route":"uploads/05f6757b-9f1d-45ca-81fb-4e4053869c33.hooy7qma7b.jpg","AssetFile":"uploads/05f6757b-9f1d-45ca-81fb-4e4053869c33.jpg","Selectors":[],"ResponseHeaders":[{"Name":"Cache-Control","Value":"max-age=31536000, immutable"},{"Name":"Content-Length","Value":"120303"},{"Name":"Content-Type","Value":"image/jpeg"},{"Name":"ETag","Value":"\"caCdWsaTSstUBFaAKEgGxxFUhvSX828/IdV1JhibG1Y=\""},{"Name":"Last-Modified","Value":"Wed, 28 Jan 2026 01:52:36 GMT"}],"EndpointProperties":[{"Name":"fingerprint","Value":"hooy7qma7b"},{"Name":"integrity","Value":"sha256-caCdWsaTSstUBFaAKEgGxxFUhvSX828/IdV1JhibG1Y="},{"Name":"label","Value":"uploads/05f6757b-9f1d-45ca-81fb-4e4053869c33.jpg"}]},{"Route":"uploads/05f6757b-9f1d-45ca-81fb-4e4053869c33.jpg","AssetFile":"uploads/05f6757b-9f1d-45ca-81fb-4e4053869c33.jpg","Selectors":[],"ResponseHeaders":[{"Name":"Cache-Control","Value":"max-age=3600, must-revalidate"},{"Name":"Content-Length","Value":"120303"},{"Name":"Content-Type","Value":"image/jpeg"},{"Name":"ETag","Value":"\"caCdWsaTSstUBFaAKEgGxxFUhvSX828/IdV1JhibG1Y=\""},{"Name":"Last-Modified","Value":"Wed, 28 Jan 2026 01:52:36 GMT"}],"EndpointProperties":[{"Name":"integrity","Value":"sha256-caCdWsaTSstUBFaAKEgGxxFUhvSX828/IdV1JhibG1Y="}]},{"Route":"uploads/138c01a0-9d17-472f-9dec-3fbe6eb1003c.hooy7qma7b.jpg","AssetFile":"uploads/138c01a0-9d17-472f-9dec-3fbe6eb1003c.jpg","Selectors":[],"ResponseHeaders":[{"Name":"Cache-Control","Value":"max-age=31536000, immutable"},{"Name":"Content-Length","Value":"120303"},{"Name":"Content-Type","Value":"image/jpeg"},{"Name":"ETag","Value":"\"caCdWsaTSstUBFaAKEgGxxFUhvSX828/IdV1JhibG1Y=\""},{"Name":"Last-Modified","Value":"Wed, 28 Jan 2026 01:56:10 GMT"}],"EndpointProperties":[{"Name":"fingerprint","Value":"hooy7qma7b"},{"Name":"integrity","Value":"sha256-caCdWsaTSstUBFaAKEgGxxFUhvSX828/IdV1JhibG1Y="},{"Name":"label","Value":"uploads/138c01a0-9d17-472f-9dec-3fbe6eb1003c.jpg"}]},{"Route":"uploads/138c01a0-9d17-472f-9dec-3fbe6eb1003c.jpg","AssetFile":"uploads/138c01a0-9d17-472f-9dec-3fbe6eb1003c.jpg","Selectors":[],"ResponseHeaders":[{"Name":"Cache-Control","Value":"max-age=3600, must-revalidate"},{"Name":"Content-Length","Value":"120303"},{"Name":"Content-Type","Value":"image/jpeg"},{"Name":"ETag","Value":"\"caCdWsaTSstUBFaAKEgGxxFUhvSX828/IdV1JhibG1Y=\""},{"Name":"Last-Modified","Value":"Wed, 28 Jan 2026 01:56:10 GMT"}],"EndpointProperties":[{"Name":"integrity","Value":"sha256-caCdWsaTSstUBFaAKEgGxxFUhvSX828/IdV1JhibG1Y="}]},{"Route":"uploads/189a956c-8e1a-4296-b034-9ec9a1d95344.jpg","AssetFile":"uploads/189a956c-8e1a-4296-b034-9ec9a1d95344.jpg","Selectors":[],"ResponseHeaders":[{"Name":"Cache-Control","Value":"max-age=3600, must-revalidate"},{"Name":"Content-Length","Value":"70686"},{"Name":"Content-Type","Value":"image/jpeg"},{"Name":"ETag","Value":"\"Gf51WR+oODbAi3qxcBnQn3rfKnciu7qqH7nYzckaBF8=\""},{"Name":"Last-Modified","Value":"Wed, 28 Jan 2026 03:35:01 GMT"}],"EndpointProperties":[{"Name":"integrity","Value":"sha256-Gf51WR+oODbAi3qxcBnQn3rfKnciu7qqH7nYzckaBF8="}]},{"Route":"uploads/189a956c-8e1a-4296-b034-9ec9a1d95344.nkg8ohwkdb.jpg","AssetFile":"uploads/189a956c-8e1a-4296-b034-9ec9a1d95344.jpg","Selectors":[],"ResponseHeaders":[{"Name":"Cache-Control","Value":"max-age=31536000, immutable"},{"Name":"Content-Length","Value":"70686"},{"Name":"Content-Type","Value":"image/jpeg"},{"Name":"ETag","Value":"\"Gf51WR+oODbAi3qxcBnQn3rfKnciu7qqH7nYzckaBF8=\""},{"Name":"Last-Modified","Value":"Wed, 28 Jan 2026 03:35:01 GMT"}],"EndpointProperties":[{"Name":"fingerprint","Value":"nkg8ohwkdb"},{"Name":"integrity","Value":"sha256-Gf51WR+oODbAi3qxcBnQn3rfKnciu7qqH7nYzckaBF8="},{"Name":"label","Value":"uploads/189a956c-8e1a-4296-b034-9ec9a1d95344.jpg"}]},{"Route":"uploads/4b0bed44-4900-441a-a662-9ff429196aa3.hooy7qma7b.jpg","AssetFile":"uploads/4b0bed44-4900-441a-a662-9ff429196aa3.jpg","Selectors":[],"ResponseHeaders":[{"Name":"Cache-Control","Value":"max-age=31536000, immutable"},{"Name":"Content-Length","Value":"120303"},{"Name":"Content-Type","Value":"image/jpeg"},{"Name":"ETag","Value":"\"caCdWsaTSstUBFaAKEgGxxFUhvSX828/IdV1JhibG1Y=\""},{"Name":"Last-Modified","Value":"Wed, 28 Jan 2026 01:49:29 GMT"}],"EndpointProperties":[{"Name":"fingerprint","Value":"hooy7qma7b"},{"Name":"integrity","Value":"sha256-caCdWsaTSstUBFaAKEgGxxFUhvSX828/IdV1JhibG1Y="},{"Name":"label","Value":"uploads/4b0bed44-4900-441a-a662-9ff429196aa3.jpg"}]},{"Route":"uploads/4b0bed44-4900-441a-a662-9ff429196aa3.jpg","AssetFile":"uploads/4b0bed44-4900-441a-a662-9ff429196aa3.jpg","Selectors":[],"ResponseHeaders":[{"Name":"Cache-Control","Value":"max-age=3600, must-revalidate"},{"Name":"Content-Length","Value":"120303"},{"Name":"Content-Type","Value":"image/jpeg"},{"Name":"ETag","Value":"\"caCdWsaTSstUBFaAKEgGxxFUhvSX828/IdV1JhibG1Y=\""},{"Name":"Last-Modified","Value":"Wed, 28 Jan 2026 01:49:29 GMT"}],"EndpointProperties":[{"Name":"integrity","Value":"sha256-caCdWsaTSstUBFaAKEgGxxFUhvSX828/IdV1JhibG1Y="}]},{"Route":"uploads/54671dea-9faa-4e5b-b41f-340763a06e0d.jpg","AssetFile":"uploads/54671dea-9faa-4e5b-b41f-340763a06e0d.jpg","Selectors":[],"ResponseHeaders":[{"Name":"Cache-Control","Value":"max-age=3600, must-revalidate"},{"Name":"Content-Length","Value":"70686"},{"Name":"Content-Type","Value":"image/jpeg"},{"Name":"ETag","Value":"\"Gf51WR+oODbAi3qxcBnQn3rfKnciu7qqH7nYzckaBF8=\""},{"Name":"Last-Modified","Value":"Wed, 28 Jan 2026 03:38:43 GMT"}],"EndpointProperties":[{"Name":"integrity","Value":"sha256-Gf51WR+oODbAi3qxcBnQn3rfKnciu7qqH7nYzckaBF8="}]},{"Route":"uploads/54671dea-9faa-4e5b-b41f-340763a06e0d.nkg8ohwkdb.jpg","AssetFile":"uploads/54671dea-9faa-4e5b-b41f-340763a06e0d.jpg","Selectors":[],"ResponseHeaders":[{"Name":"Cache-Control","Value":"max-age=31536000, immutable"},{"Name":"Content-Length","Value":"70686"},{"Name":"Content-Type","Value":"image/jpeg"},{"Name":"ETag","Value":"\"Gf51WR+oODbAi3qxcBnQn3rfKnciu7qqH7nYzckaBF8=\""},{"Name":"Last-Modified","Value":"Wed, 28 Jan 2026 03:38:43 GMT"}],"EndpointProperties":[{"Name":"fingerprint","Value":"nkg8ohwkdb"},{"Name":"integrity","Value":"sha256-Gf51WR+oODbAi3qxcBnQn3rfKnciu7qqH7nYzckaBF8="},{"Name":"label","Value":"uploads/54671dea-9faa-4e5b-b41f-340763a06e0d.jpg"}]},{"Route":"uploads/64d12191-c7ca-4d39-8fde-446bf8db4583.jpg","AssetFile":"uploads/64d12191-c7ca-4d39-8fde-446bf8db4583.jpg","Selectors":[],"ResponseHeaders":[{"Name":"Cache-Control","Value":"max-age=3600, must-revalidate"},{"Name":"Content-Length","Value":"18805"},{"Name":"Content-Type","Value":"image/jpeg"},{"Name":"ETag","Value":"\"TYw2X25o0yVL3k2E2o9Ayz4l5xL8YN+ImRzXXB+K5kQ=\""},{"Name":"Last-Modified","Value":"Wed, 28 Jan 2026 03:38:18 GMT"}],"EndpointProperties":[{"Name":"integrity","Value":"sha256-TYw2X25o0yVL3k2E2o9Ayz4l5xL8YN+ImRzXXB+K5kQ="}]},{"Route":"uploads/64d12191-c7ca-4d39-8fde-446bf8db4583.lahn119wup.jpg","AssetFile":"uploads/64d12191-c7ca-4d39-8fde-446bf8db4583.jpg","Selectors":[],"ResponseHeaders":[{"Name":"Cache-Control","Value":"max-age=31536000, immutable"},{"Name":"Content-Length","Value":"18805"},{"Name":"Content-Type","Value":"image/jpeg"},{"Name":"ETag","Value":"\"TYw2X25o0yVL3k2E2o9Ayz4l5xL8YN+ImRzXXB+K5kQ=\""},{"Name":"Last-Modified","Value":"Wed, 28 Jan 2026 03:38:18 GMT"}],"EndpointProperties":[{"Name":"fingerprint","Value":"lahn119wup"},{"Name":"integrity","Value":"sha256-TYw2X25o0yVL3k2E2o9Ayz4l5xL8YN+ImRzXXB+K5kQ="},{"Name":"label","Value":"uploads/64d12191-c7ca-4d39-8fde-446bf8db4583.jpg"}]},{"Route":"uploads/70712897-bff1-40ac-9b77-ad1bbd7beb46.jpg","AssetFile":"uploads/70712897-bff1-40ac-9b77-ad1bbd7beb46.jpg","Selectors":[],"ResponseHeaders":[{"Name":"Cache-Control","Value":"max-age=3600, must-revalidate"},{"Name":"Content-Length","Value":"70686"},{"Name":"Content-Type","Value":"image/jpeg"},{"Name":"ETag","Value":"\"Gf51WR+oODbAi3qxcBnQn3rfKnciu7qqH7nYzckaBF8=\""},{"Name":"Last-Modified","Value":"Wed, 28 Jan 2026 02:03:32 GMT"}],"EndpointProperties":[{"Name":"integrity","Value":"sha256-Gf51WR+oODbAi3qxcBnQn3rfKnciu7qqH7nYzckaBF8="}]},{"Route":"uploads/70712897-bff1-40ac-9b77-ad1bbd7beb46.nkg8ohwkdb.jpg","AssetFile":"uploads/70712897-bff1-40ac-9b77-ad1bbd7beb46.jpg","Selectors":[],"ResponseHeaders":[{"Name":"Cache-Control","Value":"max-age=31536000, immutable"},{"Name":"Content-Length","Value":"70686"},{"Name":"Content-Type","Value":"image/jpeg"},{"Name":"ETag","Value":"\"Gf51WR+oODbAi3qxcBnQn3rfKnciu7qqH7nYzckaBF8=\""},{"Name":"Last-Modified","Value":"Wed, 28 Jan 2026 02:03:32 GMT"}],"EndpointProperties":[{"Name":"fingerprint","Value":"nkg8ohwkdb"},{"Name":"integrity","Value":"sha256-Gf51WR+oODbAi3qxcBnQn3rfKnciu7qqH7nYzckaBF8="},{"Name":"label","Value":"uploads/70712897-bff1-40ac-9b77-ad1bbd7beb46.jpg"}]},{"Route":"uploads/a52855f0-56c7-47ba-8281-ad04bd678ce6.hooy7qma7b.jpg","AssetFile":"uploads/a52855f0-56c7-47ba-8281-ad04bd678ce6.jpg","Selectors":[],"ResponseHeaders":[{"Name":"Cache-Control","Value":"max-age=31536000, immutable"},{"Name":"Content-Length","Value":"120303"},{"Name":"Content-Type","Value":"image/jpeg"},{"Name":"ETag","Value":"\"caCdWsaTSstUBFaAKEgGxxFUhvSX828/IdV1JhibG1Y=\""},{"Name":"Last-Modified","Value":"Wed, 28 Jan 2026 01:54:26 GMT"}],"EndpointProperties":[{"Name":"fingerprint","Value":"hooy7qma7b"},{"Name":"integrity","Value":"sha256-caCdWsaTSstUBFaAKEgGxxFUhvSX828/IdV1JhibG1Y="},{"Name":"label","Value":"uploads/a52855f0-56c7-47ba-8281-ad04bd678ce6.jpg"}]},{"Route":"uploads/a52855f0-56c7-47ba-8281-ad04bd678ce6.jpg","AssetFile":"uploads/a52855f0-56c7-47ba-8281-ad04bd678ce6.jpg","Selectors":[],"ResponseHeaders":[{"Name":"Cache-Control","Value":"max-age=3600, must-revalidate"},{"Name":"Content-Length","Value":"120303"},{"Name":"Content-Type","Value":"image/jpeg"},{"Name":"ETag","Value":"\"caCdWsaTSstUBFaAKEgGxxFUhvSX828/IdV1JhibG1Y=\""},{"Name":"Last-Modified","Value":"Wed, 28 Jan 2026 01:54:26 GMT"}],"EndpointProperties":[{"Name":"integrity","Value":"sha256-caCdWsaTSstUBFaAKEgGxxFUhvSX828/IdV1JhibG1Y="}]},{"Route":"uploads/b26e01c1-ae45-4763-87e9-4bb8ec614fad.jpg","AssetFile":"uploads/b26e01c1-ae45-4763-87e9-4bb8ec614fad.jpg","Selectors":[],"ResponseHeaders":[{"Name":"Cache-Control","Value":"max-age=3600, must-revalidate"},{"Name":"Content-Length","Value":"70686"},{"Name":"Content-Type","Value":"image/jpeg"},{"Name":"ETag","Value":"\"Gf51WR+oODbAi3qxcBnQn3rfKnciu7qqH7nYzckaBF8=\""},{"Name":"Last-Modified","Value":"Wed, 28 Jan 2026 03:18:52 GMT"}],"EndpointProperties":[{"Name":"integrity","Value":"sha256-Gf51WR+oODbAi3qxcBnQn3rfKnciu7qqH7nYzckaBF8="}]},{"Route":"uploads/b26e01c1-ae45-4763-87e9-4bb8ec614fad.nkg8ohwkdb.jpg","AssetFile":"uploads/b26e01c1-ae45-4763-87e9-4bb8ec614fad.jpg","Selectors":[],"ResponseHeaders":[{"Name":"Cache-Control","Value":"max-age=31536000, immutable"},{"Name":"Content-Length","Value":"70686"},{"Name":"Content-Type","Value":"image/jpeg"},{"Name":"ETag","Value":"\"Gf51WR+oODbAi3qxcBnQn3rfKnciu7qqH7nYzckaBF8=\""},{"Name":"Last-Modified","Value":"Wed, 28 Jan 2026 03:18:52 GMT"}],"EndpointProperties":[{"Name":"fingerprint","Value":"nkg8ohwkdb"},{"Name":"integrity","Value":"sha256-Gf51WR+oODbAi3qxcBnQn3rfKnciu7qqH7nYzckaBF8="},{"Name":"label","Value":"uploads/b26e01c1-ae45-4763-87e9-4bb8ec614fad.jpg"}]},{"Route":"uploads/c8bf6d5f-1422-4b72-8d74-7eef70d1b9a8.hooy7qma7b.jpg","AssetFile":"uploads/c8bf6d5f-1422-4b72-8d74-7eef70d1b9a8.jpg","Selectors":[],"ResponseHeaders":[{"Name":"Cache-Control","Value":"max-age=31536000, immutable"},{"Name":"Content-Length","Value":"120303"},{"Name":"Content-Type","Value":"image/jpeg"},{"Name":"ETag","Value":"\"caCdWsaTSstUBFaAKEgGxxFUhvSX828/IdV1JhibG1Y=\""},{"Name":"Last-Modified","Value":"Wed, 28 Jan 2026 01:49:52 GMT"}],"EndpointProperties":[{"Name":"fingerprint","Value":"hooy7qma7b"},{"Name":"integrity","Value":"sha256-caCdWsaTSstUBFaAKEgGxxFUhvSX828/IdV1JhibG1Y="},{"Name":"label","Value":"uploads/c8bf6d5f-1422-4b72-8d74-7eef70d1b9a8.jpg"}]},{"Route":"uploads/c8bf6d5f-1422-4b72-8d74-7eef70d1b9a8.jpg","AssetFile":"uploads/c8bf6d5f-1422-4b72-8d74-7eef70d1b9a8.jpg","Selectors":[],"ResponseHeaders":[{"Name":"Cache-Control","Value":"max-age=3600, must-revalidate"},{"Name":"Content-Length","Value":"120303"},{"Name":"Content-Type","Value":"image/jpeg"},{"Name":"ETag","Value":"\"caCdWsaTSstUBFaAKEgGxxFUhvSX828/IdV1JhibG1Y=\""},{"Name":"Last-Modified","Value":"Wed, 28 Jan 2026 01:49:52 GMT"}],"EndpointProperties":[{"Name":"integrity","Value":"sha256-caCdWsaTSstUBFaAKEgGxxFUhvSX828/IdV1JhibG1Y="}]}]}